"timestamp (abs)","sample rate (Hz)","Channel-4","Channel-3","Channel-2","Channel-1","Channel-0"
0,500,0,0,0,1,1
4,500,0,1,1,1,1
14,500,0,1,1,1,0
15,500,0,1,1,1,1
21,500,0,1,1,0,1
23,500,0,1,1,1,1
38,500,0,0,1,0,1
39,500,0,0,1,1,1
44,500,0,0,1,1,0
45,500,0,0,1,1,1
47,500,0,0,1,0,1
48,500,0,0,1,1,1
54,500,0,0,1,1,0
55,500,0,0,1,1,1
61,500,0,0,0,1,1
64,500,0,0,0,1,0
65,500,0,0,0,1,1
70,500,0,0,0,0,1
71,500,0,0,0,1,1
74,500,0,0,0,1,0
75,500,0,0,0,1,1
78,500,0,0,0,0,1
79,500,0,0,0,1,1
84,500,0,0,0,1,0
85,500,0,0,0,1,1
86,500,0,0,0,0,1
87,500,0,0,0,1,1
94,500,0,0,0,1,0
95,500,0,0,0,1,1
100,500,0,0,0,0,1
102,500,0,0,0,1,1
104,500,0,0,0,1,0
105,500,0,0,0,1,1
114,500,0,0,0,1,0
115,500,0,0,0,1,1
117,500,0,0,0,0,1
118,500,0,0,0,1,1
131,500,0,0,0,0,1
132,500,0,0,0,1,1
134,500,0,0,0,1,0
135,500,0,0,0,1,1
145,500,0,0,0,1,0
146,500,0,0,0,1,1
149,500,0,0,0,0,1
150,500,0,0,0,1,1
154,500,0,0,0,1,0
156,500,0,0,0,1,1
157,500,0,0,0,0,1
158,500,0,0,0,1,1
165,500,0,0,0,1,0
166,500,0,0,0,1,1
171,500,0,0,0,0,1
172,500,0,0,0,1,1
174,500,0,0,0,1,0
176,500,0,0,0,1,1
179,500,0,0,0,0,1
181,500,0,0,0,1,1
185,500,0,0,0,1,0
186,500,0,0,0,1,1
195,500,0,0,0,1,0
196,500,0,0,0,1,1
203,500,0,0,0,0,1
204,500,0,0,0,1,1
205,500,0,0,0,1,0
206,500,0,0,0,1,1
210,500,0,0,0,0,1
211,500,0,0,0,1,1
214,500,0,0,0,1,0
216,500,0,0,0,1,1
224,500,0,0,0,1,0
226,500,0,0,0,1,1
228,500,0,0,0,0,1
229,500,0,0,0,1,1
235,500,0,0,0,1,0
236,500,0,0,0,1,1
250,500,0,0,0,0,1
251,500,0,0,0,1,1
255,500,0,0,0,1,0
256,500,0,0,0,1,1
258,500,0,0,0,0,1
260,500,0,0,0,1,1
282,500,0,0,0,0,1
283,500,0,0,0,1,1
289,500,0,0,0,0,1
290,500,0,0,0,1,1
295,500,0,0,0,1,0
296,500,0,0,0,1,1
305,500,0,0,0,1,0
306,500,0,0,0,1,1
308,500,0,1,1,1,1
313,500,0,1,1,0,1
314,500,0,1,1,1,1
315,500,0,1,1,1,0
316,500,0,1,1,1,1
320,500,0,1,1,0,1
321,500,0,1,1,1,1
325,500,0,1,1,1,0
326,500,0,1,1,1,1
329,500,0,1,1,0,1
330,500,0,1,1,1,1
335,500,0,1,1,1,0
336,500,0,1,1,1,1
337,500,0,1,1,0,1
339,500,0,1,1,1,1
345,500,0,1,1,1,0
346,500,0,1,1,1,1
352,500,0,1,1,0,1
353,500,0,1,1,1,1
361,500,0,1,1,0,1
362,500,0,1,1,1,1
368,500,0,1,1,0,1
370,500,0,0,1,1,1
375,500,0,0,1,1,0
376,500,0,0,1,1,1
384,500,0,0,1,0,1
385,500,0,0,1,1,1
386,500,0,0,1,1,0
387,500,0,0,1,1,1
392,500,0,0,1,0,1
393,500,0,0,1,1,1
395,500,0,0,1,1,0
397,500,0,0,1,1,1
406,500,0,0,1,1,0
407,500,0,0,1,1,1
408,500,0,0,1,0,1
409,500,0,0,1,1,1
415,500,0,0,1,1,0
417,500,0,0,1,1,1
426,500,0,0,1,1,0
427,500,0,0,1,1,1
431,500,0,0,0,0,1
432,500,0,0,0,1,1
436,500,0,0,0,1,0
437,500,0,0,0,1,1
440,500,0,0,0,0,1
441,500,0,0,0,1,1
446,500,0,0,0,1,0
447,500,0,0,0,0,1
449,500,0,0,0,1,1
455,500,0,0,0,1,0
457,500,0,0,0,1,1
463,500,0,0,0,0,1
464,500,0,0,0,1,1
465,500,0,0,0,1,0
467,500,0,0,0,1,1
471,500,0,0,0,0,1
472,500,0,0,0,1,1
476,500,0,0,0,1,0
477,500,0,0,0,1,1
478,500,0,0,0,0,1
480,500,0,0,0,1,1
493,500,0,0,0,0,1
495,500,0,0,0,1,1
496,500,0,0,0,1,0
497,500,0,0,0,1,1
510,500,0,0,0,0,1
511,500,0,0,0,1,1
519,500,0,0,0,0,1
520,500,0,0,0,1,1
536,500,0,0,0,1,0
537,500,0,0,0,1,1
542,500,0,0,0,0,1
543,500,0,0,0,1,1
546,500,0,0,0,1,0
547,500,0,0,0,1,1
550,500,0,0,0,0,1
551,500,0,0,0,1,1
556,500,0,0,0,1,0
557,500,0,0,0,0,1
558,500,0,0,0,1,1
566,500,0,0,0,1,0
567,500,0,0,0,1,1
573,500,0,0,0,0,1
574,500,0,0,0,1,1
576,500,0,0,0,1,0
577,500,0,0,0,1,1
586,500,0,0,0,1,0
587,500,0,0,0,1,1
589,500,0,0,0,0,1
590,500,0,0,0,1,1
603,500,0,0,0,0,1
604,500,0,0,0,1,1
616,500,0,0,0,1,0
618,500,0,0,0,1,1
620,500,0,0,0,0,1
622,500,0,0,0,1,1
627,500,0,0,0,1,0
628,500,0,0,0,1,1
629,500,0,0,0,0,1
630,500,0,0,0,1,1
636,500,0,0,0,1,0
638,500,0,0,0,1,1
643,500,0,0,0,0,1
644,500,0,0,0,1,1
647,500,0,0,0,1,0
648,500,0,0,0,1,1
652,500,0,0,0,0,1
653,500,0,0,0,1,1
656,500,0,0,0,1,0
658,500,0,0,0,1,1
659,500,0,0,0,0,1
660,500,0,0,0,1,1
667,500,0,0,0,1,0
668,500,0,0,0,1,1
675,500,0,0,0,0,1
676,500,0,0,0,1,1
677,500,0,0,0,1,0
678,500,0,0,0,1,1
682,500,0,0,0,0,1
683,500,0,0,0,1,1
687,500,0,0,0,1,0
688,500,0,0,0,1,1
696,500,0,0,0,1,0
698,500,0,0,0,1,1
699,500,0,0,0,0,1
701,500,0,0,0,1,1
706,500,0,0,0,1,0
708,500,0,0,0,1,1
713,500,0,0,0,0,1
715,500,0,0,0,1,1
717,500,0,0,0,1,0
718,500,0,0,0,1,1
722,500,0,0,0,0,1
723,500,0,0,0,1,1
731,500,0,0,0,0,1
732,500,0,0,0,1,1
737,500,0,0,0,1,0
738,500,0,0,0,0,1
739,500,0,0,0,1,1
754,500,0,0,0,0,1
755,500,0,0,0,1,1
761,500,0,0,0,0,1
763,500,0,0,0,1,1
777,500,0,0,0,1,0
778,500,0,0,0,1,1
784,500,0,0,0,0,1
786,500,0,0,0,1,1
787,500,0,0,0,1,0
788,500,0,0,0,1,1
792,500,0,0,0,0,1
794,500,0,0,0,1,1
797,500,0,0,0,1,0
798,500,0,0,0,1,1
801,500,0,0,0,0,1
802,500,0,0,0,1,1
807,500,0,0,0,1,0
808,500,0,0,0,1,1
810,500,0,0,0,0,1
811,500,0,0,0,1,1
817,500,0,0,0,1,0
818,500,0,0,0,1,1
824,500,0,0,0,0,1
825,500,0,0,0,1,1
827,500,0,0,0,1,0
828,500,0,0,0,1,1
833,500,0,0,0,0,1
834,500,0,0,0,1,1
841,500,0,0,0,0,1
842,500,0,0,0,1,1
855,500,0,0,0,0,1
857,500,0,0,0,1,0
858,500,0,0,0,1,1
863,500,0,0,0,0,1
865,500,0,0,0,1,1
868,500,0,0,0,1,0
869,500,0,0,0,1,1
871,500,0,0,0,0,1
873,500,0,0,0,1,1
877,500,0,0,0,1,0
879,500,0,0,0,1,1
880,500,0,0,0,0,1
881,500,0,0,0,1,1
888,500,0,0,0,1,0
889,500,0,0,0,1,1
894,500,0,0,0,0,1
895,500,0,0,0,1,1
897,500,0,0,0,1,0
899,500,0,0,0,1,1
903,500,0,0,0,0,1
904,500,0,0,0,1,1
908,500,0,0,0,1,0
909,500,0,0,0,1,1
912,500,0,0,0,0,1
913,500,0,0,0,1,1
918,500,0,0,0,1,0
919,500,0,0,0,1,1
920,500,0,0,0,0,1
921,500,0,0,0,1,1
928,500,0,0,0,1,0
929,500,0,0,0,1,1
934,500,0,0,0,0,1
936,500,0,0,0,1,1
937,500,0,0,0,1,0
939,500,0,0,0,1,1
942,500,0,0,0,0,1
944,500,0,0,0,1,1
947,500,0,0,0,1,0
949,500,0,0,0,1,1
950,500,0,0,0,0,1
952,500,0,0,0,1,1
958,500,0,0,0,1,0
959,500,0,0,0,1,1
966,500,0,0,0,0,1
967,500,0,0,0,1,1
973,500,0,0,0,0,1
974,500,0,0,0,1,1
978,500,0,0,0,1,0
979,500,0,0,0,1,1
982,500,0,0,0,0,1
983,500,0,0,0,1,1
991,500,0,0,0,0,1
992,500,0,0,0,1,1
1004,500,0,0,0,0,1
1005,500,0,0,0,1,1
1008,500,0,0,0,1,0
1009,500,0,0,0,1,1
1013,500,0,0,0,0,1
1015,500,0,0,0,1,1
1018,500,0,0,0,1,0
1019,500,0,0,0,1,1
1021,500,0,0,0,0,1
1023,500,0,0,0,1,1
1028,500,0,0,0,1,0
1029,500,0,0,0,0,1
1030,500,0,0,0,1,1
1038,500,0,0,0,1,0
1039,500,0,0,0,1,1
1045,500,0,0,0,0,1
1046,500,0,0,0,1,1
1048,500,0,0,0,1,0
1049,500,0,0,0,1,1
1052,500,0,0,0,0,1
1053,500,0,0,0,1,1
1058,500,0,0,0,1,0
1059,500,0,0,0,1,1
1061,500,0,0,0,0,1
1062,500,0,0,0,1,1
1068,500,0,0,0,1,0
1069,500,0,0,0,1,1
1083,500,0,0,0,0,1
1084,500,0,0,0,1,1
1088,500,0,0,0,1,0
1089,500,0,0,0,1,1
1092,500,0,0,0,0,1
1093,500,0,0,0,1,1
1098,500,0,0,0,1,0
1100,500,0,0,0,1,1
1101,500,0,0,0,0,1
1102,500,0,0,0,1,1
1109,500,0,0,0,1,0
1110,500,0,0,0,1,1
1115,500,0,0,0,0,1
1116,500,0,0,0,1,1
1118,500,0,0,0,1,0
1120,500,0,0,0,1,1
1124,500,0,0,0,0,1
1125,500,0,0,0,1,1
1129,500,0,0,0,1,0
1130,500,0,0,0,1,1
1131,500,0,0,0,0,1
1132,500,0,0,0,1,1
1138,500,0,0,0,1,0
1140,500,0,0,0,1,1
1147,500,0,0,0,0,1
1148,500,0,0,0,1,1
1149,500,0,0,0,1,0
1150,500,0,0,0,1,1
1159,500,0,0,0,1,0
1160,500,0,0,0,1,1
1162,500,0,0,0,0,1
1163,500,0,0,0,1,1
1169,500,0,0,0,1,0
1170,500,0,0,0,1,1
1178,500,0,0,0,1,0
1180,500,0,0,0,1,1
1188,500,0,0,0,1,0
1190,500,0,0,0,1,1
1194,500,0,0,0,0,1
1195,500,0,0,0,1,1
1199,500,0,0,0,1,0
1200,500,0,0,0,1,1
1203,500,0,0,0,0,1
1204,500,0,0,0,1,1
1210,500,0,0,0,0,1
1211,500,0,0,0,1,1
1219,500,0,0,0,1,0
1220,500,0,0,0,1,1
1225,500,0,0,0,0,1
1227,500,0,0,0,1,1
1234,500,0,0,0,0,1
1235,500,0,0,0,1,1
1241,500,0,0,0,0,1
1243,500,0,0,0,1,1
1257,500,0,0,0,0,1
1258,500,0,0,0,1,1
1259,500,0,0,0,1,0
1260,500,0,0,0,1,1
1269,500,0,0,0,1,0
1270,500,0,0,0,1,1
1273,500,0,0,0,0,1
1274,500,0,0,0,1,1
1279,500,0,0,0,1,0
1280,500,0,0,0,1,1
1282,500,0,0,0,0,1
1283,500,0,0,0,1,1
1289,500,0,0,0,1,0
1290,500,0,0,0,1,1
1296,500,0,0,0,0,1
1297,500,0,0,0,1,1
1299,500,0,0,0,1,0
1300,500,0,0,0,1,1
1304,500,0,0,0,0,1
1306,500,0,0,0,1,1
1309,500,0,0,0,1,0
1310,500,0,0,0,1,1
1313,500,0,0,0,0,1
1314,500,0,0,0,1,1
1319,500,0,0,0,1,0
1320,500,0,0,0,1,1
1327,500,0,0,0,0,1
1329,500,0,0,0,1,1
1336,500,0,0,0,0,1
1337,500,0,0,0,1,1
1339,500,0,0,0,1,0
1340,500,0,0,0,1,1
1350,500,0,0,0,1,0
1351,500,0,0,0,1,1
1352,500,0,0,0,0,1
1353,500,0,0,0,1,1
1359,500,0,0,0,1,0
1361,500,0,0,0,1,1
1366,500,0,0,0,0,1
1367,500,0,0,0,1,1
1370,500,0,0,0,1,0
1371,500,0,0,0,1,1
1375,500,0,0,0,0,1
1376,500,0,0,0,1,1
1379,500,0,0,0,1,0
1381,500,0,0,0,1,1
1383,500,0,0,0,0,1
1385,500,0,0,0,1,1
1389,500,0,0,0,1,0
1391,500,0,0,0,1,1
1392,500,0,0,0,0,1
1393,500,0,0,0,1,1
1400,500,0,0,0,1,0
1401,500,0,0,0,1,1
1406,500,0,0,0,0,1
1408,500,0,0,0,1,1
1410,500,0,0,0,1,0
1411,500,0,0,0,1,1
1415,500,0,0,0,0,1
1416,500,0,0,0,1,1
1419,500,0,0,0,1,0
1421,500,0,0,0,1,1
1429,500,0,0,0,1,0
1431,500,0,0,0,1,1
1438,500,0,0,0,0,1
1439,500,0,0,0,1,1
1440,500,0,0,0,1,0
1441,500,0,0,0,1,1
1454,500,0,0,0,0,1
1455,500,0,0,0,1,1
1460,500,0,0,0,1,0
1461,500,0,0,0,1,1
1462,500,0,0,0,0,1
1464,500,0,0,0,1,1
1470,500,0,0,0,1,0
1471,500,0,0,0,1,1
1476,500,0,0,0,0,1
1477,500,0,0,0,1,1
1485,500,0,0,0,0,1
1486,500,0,0,0,1,1
1494,500,0,0,0,0,1
1495,500,0,0,0,1,1
1500,500,0,0,0,1,0
1501,500,0,0,0,1,1
1510,500,0,0,0,1,0
1511,500,0,0,0,1,1
1517,500,0,0,0,0,1
1518,500,0,0,0,1,1
1520,500,0,0,0,1,0
1521,500,0,0,0,1,1
1530,500,0,0,0,1,0
1531,500,0,0,0,1,1
1540,500,0,0,0,1,0
1541,500,0,0,0,1,1
1548,500,0,0,0,0,1
1549,500,0,0,0,1,1
1555,500,0,0,0,0,1
1556,500,0,0,0,1,1
1560,500,0,0,0,1,0
1561,500,0,0,0,1,1
1564,500,0,0,0,0,1
1565,500,0,0,0,1,1
1573,500,0,0,0,0,1
1574,500,0,0,0,1,1
1580,500,0,0,0,1,0
1581,500,0,0,0,1,1
1587,500,0,0,0,0,1
1588,500,0,0,0,1,1
1591,500,0,0,0,1,0
1592,500,0,0,0,1,1
1596,500,0,0,0,0,1
1597,500,0,0,0,1,1
1600,500,0,0,0,1,0
1602,500,0,0,0,1,1
1611,500,0,0,0,1,0
1612,500,0,0,0,1,1
1618,500,0,0,0,0,1
1620,500,0,0,0,1,1
1621,500,0,0,0,1,0
1622,500,0,0,0,1,1
1627,500,0,0,0,0,1
1628,500,0,0,0,1,1
1630,500,0,0,0,1,0
1632,500,0,0,0,1,1
1634,500,0,0,0,0,1
1635,500,0,0,0,1,1
1641,500,0,0,0,1,0
1642,500,0,0,0,1,1
1643,500,0,0,0,0,1
1644,500,0,0,0,1,1
1651,500,0,0,0,1,0
1652,500,0,0,0,1,1
1660,500,0,0,0,1,0
1662,500,0,0,0,1,1
1666,500,0,0,0,0,1
1667,500,0,0,0,1,1
1670,500,0,0,0,1,0
1672,500,0,0,0,1,1
1675,500,0,0,0,0,1
1676,500,0,0,0,1,1
1681,500,0,0,0,1,0
1682,500,0,0,0,1,1
1683,500,0,0,0,0,1
1684,500,0,0,0,1,1
1697,500,0,0,0,0,1
1699,500,0,0,0,1,1
1706,500,0,0,0,0,1
1707,500,0,0,0,1,1
1711,500,0,0,0,1,0
1712,500,0,0,0,1,1
1729,500,0,0,0,0,1
1730,500,0,0,0,1,1
1741,500,0,0,0,1,0
1742,500,0,0,0,1,1
1745,500,0,0,0,0,1
1746,500,0,0,0,1,1
1751,500,0,0,0,1,0
1752,500,0,0,0,1,1
1754,500,0,0,0,0,1
1755,500,0,0,0,1,1
1761,500,0,0,0,1,0
1762,500,0,0,0,1,1
1771,500,0,0,0,1,0
1772,500,0,0,0,1,1
1777,500,0,0,0,0,1
1778,500,0,0,0,1,1
1781,500,0,0,0,1,0
1782,500,0,0,0,1,1
1785,500,0,0,0,0,1
1786,500,0,0,0,1,1
1799,500,0,0,0,0,1
1800,500,0,0,0,1,1
1801,500,0,0,0,1,0
1802,500,0,0,0,1,1
1808,500,0,0,0,0,1
1809,500,0,0,0,1,1
1821,500,0,0,0,1,0
1822,500,0,0,0,1,1
1824,500,0,0,0,0,1
1825,500,0,0,0,1,1
1832,500,0,0,0,1,0
1833,500,0,0,0,1,1
1839,500,0,0,0,0,1
1840,500,0,0,0,1,1
1842,500,0,0,0,1,0
1843,500,0,0,0,1,1
1851,500,0,0,0,1,0
1853,500,0,0,0,1,1
1856,500,0,0,0,0,1
1857,500,0,0,0,1,1
1862,500,0,0,0,1,0
1863,500,0,0,0,1,1
1864,500,0,0,0,0,1
1865,500,0,0,0,1,1
1871,500,0,0,0,1,0
1873,500,0,0,0,1,1
1878,500,0,0,0,0,1
1879,500,0,0,0,1,1
1882,500,0,0,0,1,0
1883,500,0,0,0,1,1
1887,500,0,0,0,0,1
1888,500,0,0,0,1,1
1892,500,0,0,0,1,0
1893,500,0,0,0,1,1
1894,500,0,0,0,0,1
1896,500,0,0,0,1,1
1901,500,0,0,0,1,0
1903,500,0,0,0,1,1
1910,500,0,0,0,0,1
1911,500,0,0,0,1,0
1913,500,0,0,0,1,1
1918,500,0,0,0,0,1
1919,500,0,0,0,1,1
1921,500,0,0,0,1,0
1923,500,0,0,0,1,1
1932,500,0,0,0,1,0
1933,500,0,0,0,1,1
1934,500,0,0,0,0,1
1935,500,0,0,0,1,1
1952,500,0,0,0,1,0
1953,500,0,0,0,1,1
1957,500,0,0,0,0,1
1958,500,0,0,0,1,1
1966,500,0,0,0,0,1
1967,500,0,0,0,1,1
1973,500,0,0,0,0,1
1975,500,0,0,0,1,1
1989,500,0,0,0,0,1
1990,500,0,0,0,1,1
1992,500,0,0,0,1,0
1993,500,0,0,0,1,1
1997,500,0,0,0,0,1
1998,500,0,0,0,1,1
2002,500,0,0,0,1,0
2003,500,0,0,0,1,1
2012,500,0,0,0,1,0
2013,500,0,0,0,1,1
2019,500,0,0,0,0,1
2021,500,0,0,0,1,1
2022,500,0,0,0,1,0
2023,500,0,0,0,1,1
2036,500,0,0,0,0,1
2037,500,0,0,0,1,1
2042,500,0,0,0,1,0
2043,500,0,0,0,1,1
2045,500,0,0,0,0,1
2046,500,0,0,0,1,1
2052,500,0,0,0,1,0
2053,500,0,0,0,1,1
2068,500,0,0,0,0,1
2069,500,0,0,0,1,1
2072,500,0,0,0,1,0
2073,500,0,0,0,1,1
2076,500,0,0,0,0,1
2077,500,0,0,0,1,1
2083,500,0,0,0,1,0
2084,500,0,0,0,1,1
2090,500,0,0,0,0,1
2091,500,0,0,0,1,1
2092,500,0,0,0,1,0
2094,500,0,0,0,1,1
2098,500,0,0,0,0,1
2100,500,0,0,0,1,1
2103,500,0,0,0,1,0
2104,500,0,0,0,1,1
2112,500,0,0,0,1,0
2114,500,0,0,0,1,1
2115,500,0,0,0,0,1
2116,500,0,0,0,1,1
2122,500,0,0,0,1,0
2124,500,0,0,0,1,1
2129,500,0,0,0,0,1
2130,500,0,0,0,1,1
2133,500,0,0,0,1,0
2134,500,0,0,0,1,1
2143,500,0,0,0,1,0
2144,500,0,0,0,1,1
2147,500,0,0,0,0,1
2148,500,0,0,0,1,1
2152,500,0,0,0,1,0
2154,500,0,0,0,0,1
2156,500,0,0,0,1,1
2162,500,0,0,0,1,0
2164,500,0,0,0,1,1
2169,500,0,0,0,0,1
2170,500,0,0,0,1,1
2173,500,0,0,0,1,0
2174,500,0,0,0,1,1
2177,500,0,0,0,0,1
2179,500,0,0,0,1,1
2193,500,0,0,0,1,0
2194,500,0,0,0,1,1
2201,500,0,0,0,0,1
2202,500,0,0,0,1,1
2203,500,0,0,0,1,0
2204,500,0,0,0,1,1
2208,500,0,0,0,0,1
2209,500,0,0,0,1,1
2225,500,0,0,0,0,1
2226,500,0,0,0,1,1
2233,500,0,0,0,1,0
2234,500,0,0,0,1,1
2239,500,0,0,0,0,1
2241,500,0,0,0,1,1
2243,500,0,0,0,1,0
2244,500,0,0,0,1,1
2248,500,0,0,0,0,1
2249,500,0,0,0,1,1
2253,500,0,0,0,1,0
2254,500,0,0,0,1,1
2256,500,0,0,0,0,1
2258,500,0,0,0,1,1
2263,500,0,0,0,1,0
2264,500,0,0,0,1,1
2271,500,0,0,0,0,1
2272,500,0,0,0,1,1
2273,500,0,0,0,1,0
2274,500,0,0,0,1,1
2280,500,0,0,0,0,1
2281,500,0,0,0,1,1
2283,500,0,0,0,1,0
2284,500,0,0,0,1,1
2293,500,0,0,0,1,0
2294,500,0,0,0,1,1
2310,500,0,0,0,0,1
2312,500,0,0,0,1,1
2313,500,0,0,0,1,0
2314,500,0,0,0,1,1
2318,500,0,0,0,0,1
2320,500,0,0,0,1,1
2324,500,0,0,0,1,0
2325,500,0,0,0,1,1
2327,500,0,0,0,0,1
2328,500,0,0,0,1,1
2333,500,0,0,0,1,0
2335,500,0,0,0,1,1
2336,500,0,0,0,0,1
2337,500,0,0,0,1,1
2343,500,0,0,0,1,0
2345,500,0,0,0,1,1
2350,500,0,0,0,0,1
2351,500,0,0,0,1,1
2354,500,0,0,0,1,0
2355,500,0,0,0,1,1
2359,500,0,0,0,0,1
2360,500,0,0,0,1,1
2363,500,0,0,0,1,0
2365,500,0,0,0,1,1
2367,500,0,0,0,0,1
2368,500,0,0,0,1,1
2374,500,0,0,0,1,0
2375,500,0,0,0,1,1
2382,500,0,0,0,0,1
2383,500,0,0,0,1,1
2384,500,0,0,0,1,0
2385,500,0,0,0,1,1
2389,500,0,0,0,0,1
2391,500,0,0,0,1,1
2393,500,0,0,0,1,0
2395,500,0,0,0,1,1
2397,500,0,0,0,0,1
2399,500,0,0,0,1,1
2403,500,0,0,0,1,0
2405,500,0,0,0,1,1
2406,500,0,0,0,0,1
2407,500,0,0,0,1,1
2414,500,0,0,0,1,0
2415,500,0,0,0,1,1
2420,500,0,0,0,0,1
2421,500,0,0,0,1,1
2429,500,0,0,0,0,1
2430,500,0,0,0,1,1
2438,500,0,0,0,0,1
2439,500,0,0,0,1,1
2444,500,0,0,0,1,0
2445,500,0,0,0,1,1
2446,500,0,0,0,0,1
2447,500,0,0,0,1,1
2460,500,0,0,0,0,1
2462,500,0,0,0,1,1
2468,500,0,0,0,0,1
2470,500,0,0,0,1,1
2474,500,0,0,0,1,0
2475,500,0,0,0,1,1
2476,500,0,0,0,0,1
2477,500,0,0,0,1,1
2484,500,0,0,0,1,0
2485,500,0,0,0,1,1
2492,500,0,0,0,0,1
2493,500,0,0,0,1,1
2494,500,0,0,0,1,0
2495,500,0,0,0,1,1
2504,500,0,0,0,1,0
2505,500,0,0,0,1,1
2508,500,0,0,0,0,1
2509,500,0,0,0,1,1
2514,500,0,0,0,1,0
2515,500,0,0,0,1,1
2517,500,0,0,0,0,1
2518,500,0,0,0,1,1
2524,500,0,0,0,1,0
2525,500,0,0,0,1,1
2530,500,0,0,0,0,1
2532,500,0,0,0,1,1
2534,500,0,0,0,1,0
2535,500,0,0,0,1,1
2540,500,0,0,0,0,1
2541,500,0,0,0,1,1
2547,500,0,0,0,0,1
2549,500,0,0,0,1,1
2554,500,0,0,0,1,0
2555,500,0,0,0,1,1
2562,500,0,0,0,0,1
2563,500,0,0,0,1,1
2565,500,0,0,0,1,0
2566,500,0,0,0,1,1
2571,500,0,0,0,0,1
2572,500,0,0,0,1,1
2575,500,0,0,0,1,0
2576,500,0,0,0,1,1
2584,500,0,0,0,1,0
2586,500,0,0,0,1,1
2587,500,0,0,0,0,1
2588,500,0,0,0,1,1
2595,500,0,0,0,1,0
2596,500,0,0,0,1,1
2602,500,0,0,0,0,1
2603,500,0,0,0,1,1
2604,500,0,0,0,1,0
2606,500,0,0,0,1,1
2609,500,0,0,0,0,1
2611,500,0,0,0,1,1
2615,500,0,0,0,1,0
2616,500,0,0,0,1,1
2625,500,0,0,0,1,0
2626,500,0,0,0,0,1
2628,500,0,0,0,1,1
2634,500,0,0,0,1,0
2636,500,0,0,0,1,1
2641,500,0,0,0,0,1
2642,500,0,0,0,1,1
2644,500,0,0,0,1,0
2646,500,0,0,0,1,1
2650,500,0,0,0,0,1
2651,500,0,0,0,1,1
2654,500,0,0,0,1,0
2656,500,0,0,0,1,1
2665,500,0,0,0,1,0
2666,500,0,0,0,1,1
2672,500,0,0,0,0,1
2674,500,0,0,0,1,1
2681,500,0,0,0,0,1
2682,500,0,0,0,1,1
2685,500,0,0,0,1,0
2686,500,0,0,0,1,1
2688,500,0,0,0,0,1
2690,500,0,0,0,1,1
2697,500,0,0,0,0,1
2698,500,0,0,0,1,1
2715,500,0,0,0,1,0
2716,500,0,0,0,1,1
2720,500,0,0,0,0,1
2721,500,0,0,0,1,1
2725,500,0,0,0,1,0
2726,500,0,0,0,1,1
2729,500,0,0,0,0,1
2730,500,0,0,0,1,1
2735,500,0,0,0,1,0
2736,500,0,0,0,1,1
2743,500,0,0,0,0,1
2744,500,0,0,0,1,1
2745,500,0,0,0,1,0
2746,500,0,0,0,1,1
2751,500,0,0,0,0,1
2753,500,0,0,0,1,1
2755,500,0,0,0,1,0
2756,500,0,0,0,1,1
2760,500,0,0,0,0,1
2761,500,0,0,0,1,1
2765,500,0,0,0,1,0
2766,500,0,0,0,1,1
2767,500,0,0,0,0,1
2769,500,0,0,0,1,1
2775,500,0,0,0,1,0
2776,500,0,0,0,1,1
2783,500,0,0,0,0,1
2784,500,0,0,0,1,1
2799,500,0,0,0,0,1
2800,500,0,0,0,1,1
2805,500,0,0,0,1,0
2806,500,0,0,0,1,1
2808,500,0,0,0,0,1
2809,500,0,0,0,1,1
2816,500,0,0,0,1,0
2817,500,0,0,0,1,1
2825,500,0,0,0,1,0
2827,500,0,0,0,1,1
2830,500,0,0,0,0,1
2832,500,0,0,0,1,1
2836,500,0,0,0,1,0
2837,500,0,0,0,1,1
2839,500,0,0,0,0,1
2840,500,0,0,0,1,1
2845,500,0,0,0,1,0
2847,500,0,0,0,1,1
2853,500,0,0,0,0,1
2854,500,0,0,0,1,1
2856,500,0,0,0,1,0
2857,500,0,0,0,1,1
2862,500,0,0,0,0,1
2863,500,0,0,0,1,1
2864,500,0,1,1,1,1
2866,500,0,1,1,1,0
2867,500,0,1,1,1,1
2876,500,0,1,1,1,0
2877,500,0,1,1,1,1
2878,500,0,1,1,0,1
2879,500,0,1,1,1,1
2885,500,0,1,1,1,0
2887,500,0,1,1,1,1
2895,500,0,1,1,1,0
2897,500,0,1,1,1,1
2906,500,0,1,1,1,0
2907,500,0,1,1,1,1
2909,500,0,1,1,0,1
2911,500,0,1,1,1,1
2918,500,0,1,1,0,1
2919,500,0,1,1,1,1
2926,500,0,0,1,1,0
2927,500,0,0,1,1,1
2932,500,0,0,1,0,1
2933,500,0,0,1,1,1
2941,500,0,0,1,0,1
2942,500,0,0,1,1,1
2964,500,0,0,1,0,1
2965,500,0,0,1,1,1
2966,500,0,0,1,1,0
2967,500,0,0,1,1,1
2976,500,0,0,1,1,0
2977,500,0,0,1,1,1
2986,500,0,0,1,1,0
2987,500,0,0,1,1,1
2988,500,0,0,0,0,1
2990,500,0,0,0,1,1
2996,500,0,0,0,1,0
2997,500,0,0,0,1,1
3006,500,0,0,0,1,0
3007,500,0,0,0,1,1
3011,500,0,0,0,0,1
3012,500,0,0,0,1,1
3020,500,0,0,0,0,1
3021,500,0,0,0,1,1
3026,500,0,0,0,1,0
3027,500,0,0,0,1,1
3034,500,0,0,0,0,1
3035,500,0,0,0,1,1
3043,500,0,0,0,0,1
3044,500,0,0,0,1,1
3046,500,0,0,0,1,0
3047,500,0,0,0,1,1
3057,500,0,0,0,1,0
3058,500,0,0,0,1,1
3066,500,0,0,0,1,0
3068,500,0,0,0,1,1
3074,500,0,0,0,0,1
3075,500,0,0,0,1,1
3076,500,0,1,1,1,1
3077,500,0,1,1,1,0
3078,500,0,1,1,1,1
3087,500,0,1,1,1,0
3088,500,0,1,1,1,1
3090,500,0,1,1,0,1
3091,500,0,1,1,1,1
3096,500,0,1,1,1,0
3098,500,0,1,1,1,1
3099,500,0,1,1,0,1
3100,500,0,1,1,1,1
3107,500,0,1,1,1,0
3108,500,0,1,1,1,1
3113,500,0,1,1,0,1
3114,500,0,1,1,1,1
3117,500,0,1,1,1,0
3118,500,0,1,1,1,1
3122,500,0,1,1,0,1
3123,500,0,1,1,1,1
3126,500,0,1,1,1,0
3128,500,0,1,1,1,1
3130,500,0,1,1,0,1
3131,500,0,1,1,1,1
3136,500,0,1,1,1,0
3138,500,0,1,1,1,1
3142,500,0,0,1,1,1
3145,500,0,0,1,0,1
3146,500,0,0,1,1,1
3147,500,0,0,1,1,0
3148,500,0,0,1,1,1
3153,500,0,0,1,0,1
3154,500,0,0,1,1,1
3167,500,0,0,1,1,0
3168,500,0,0,1,1,1
3169,500,0,0,1,0,1
3170,500,0,0,1,1,1
3177,500,0,0,1,1,0
3178,500,0,0,1,1,1
3183,500,0,0,0,1,1
3192,500,0,0,0,0,1
3193,500,0,0,0,1,1
3201,500,0,0,0,0,1
3202,500,0,0,0,1,1
3207,500,0,0,0,1,0
3208,500,0,0,0,1,1
3214,500,0,0,0,0,1
3215,500,0,0,0,1,1
3217,500,0,0,0,1,0
3218,500,0,0,0,1,1
3227,500,0,0,0,1,0
3228,500,0,0,0,1,1
3232,500,0,0,0,0,1
3233,500,0,0,0,1,1
3237,500,0,0,0,1,0
3238,500,0,0,0,1,1
3247,500,0,0,0,1,0
3248,500,0,0,0,1,1
3255,500,0,0,0,0,1
3256,500,0,0,0,1,1
3262,500,0,0,0,0,1
3263,500,0,0,0,1,1
3267,500,0,0,0,1,0
3268,500,0,0,0,1,1
3271,500,0,0,0,0,1
3272,500,0,0,0,1,1
3280,500,0,0,0,0,1
3281,500,0,0,0,1,1
3287,500,0,0,0,1,0
3288,500,0,0,0,1,1
3293,500,0,0,0,0,1
3294,500,0,0,0,1,1
3298,500,0,0,0,1,0
3299,500,0,0,0,1,1
3302,500,0,0,0,0,1
3303,500,0,0,0,1,1
3308,500,0,0,0,1,0
3309,500,0,0,0,1,1
3311,500,0,0,0,0,1
3312,500,0,0,0,1,1
3317,500,0,0,0,1,0
3319,500,0,0,0,1,1
3325,500,0,0,0,0,1
3326,500,0,0,0,1,1
3328,500,0,0,0,1,0
3329,500,0,0,0,1,1
3334,500,0,0,0,0,1
3335,500,0,0,0,1,1
3337,500,0,0,0,1,0
3339,500,0,0,0,1,1
3341,500,0,0,0,0,1
3342,500,0,0,0,1,1
3348,500,0,0,0,1,0
3349,500,0,0,0,1,1
3358,500,0,0,0,1,0
3359,500,0,0,0,1,1
3365,500,0,0,0,0,1
3366,500,0,0,0,1,1
3367,500,0,0,0,1,0
3369,500,0,0,0,1,1
3372,500,0,0,0,0,1
3373,500,0,0,0,1,1
3377,500,0,0,0,1,0
3379,500,0,0,0,1,1
3381,500,0,0,0,0,1
3382,500,0,0,0,1,1
3387,500,0,0,0,1,0
3389,500,0,0,0,0,1
3391,500,0,0,0,1,1
3398,500,0,0,0,1,0
3399,500,0,0,0,1,1
3404,500,0,0,0,0,1
3405,500,0,0,0,1,1
3413,500,0,0,0,0,1
3414,500,0,0,0,1,1
3418,500,0,0,0,1,0
3419,500,0,0,0,1,1
3420,500,0,0,0,0,1
3422,500,0,0,0,1,1
3436,500,0,0,0,0,1
3437,500,0,0,0,1,1
3444,500,0,0,0,0,1
3445,500,0,0,0,1,1
3448,500,0,0,0,1,0
3449,500,0,0,0,1,1
3451,500,0,0,0,0,1
3452,500,0,0,0,1,1
3458,500,0,0,0,1,0
3459,500,0,0,0,1,1
3460,500,0,0,0,0,1
3461,500,0,0,0,1,1
3468,500,0,0,0,1,0
3469,500,0,0,0,1,1
3478,500,0,0,0,1,0
3479,500,0,0,0,1,1
3483,500,0,0,0,0,1
3484,500,0,0,0,1,1
3488,500,0,0,0,1,0
3489,500,0,0,0,1,1
3492,500,0,0,0,0,1
3493,500,0,0,0,1,1
3508,500,0,0,0,1,0
3509,500,0,0,0,1,1
3514,500,0,0,0,0,1
3516,500,0,0,0,1,1
3523,500,0,0,0,0,1
3524,500,0,0,0,1,1
3528,500,0,0,0,1,0
3529,500,0,0,0,1,1
3530,500,0,0,0,0,1
3532,500,0,0,0,1,1
3538,500,0,0,0,1,0
3540,500,0,0,0,1,1
3546,500,0,0,0,0,1
3547,500,0,0,0,1,1
3549,500,0,0,0,1,0
3550,500,0,0,0,1,1
3553,500,0,0,0,0,1
3554,500,0,0,0,1,1
3558,500,0,0,0,1,0
3560,500,0,0,0,1,1
3562,500,0,0,0,0,1
3563,500,0,0,0,1,1
3569,500,0,0,0,1,0
3570,500,0,0,0,1,1
3571,500,0,0,0,0,1
3572,500,0,0,0,1,1
3578,500,0,0,0,1,0
3580,500,0,0,0,1,1
3589,500,0,0,0,1,0
3590,500,0,0,0,1,1
3593,500,0,0,0,0,1
3595,500,0,0,0,1,1
3599,500,0,0,0,1,0
3600,500,0,0,0,1,1
3602,500,0,0,0,0,1
3603,500,0,0,0,1,1
3608,500,0,0,0,1,0
3610,500,0,0,0,1,1
3616,500,0,0,0,0,1
3617,500,0,0,0,1,1
3618,500,0,0,0,1,0
3620,500,0,0,0,1,1
3625,500,0,0,0,0,1
3626,500,0,0,0,1,1
3628,500,0,0,0,1,0
3630,500,0,0,0,1,1
3632,500,0,0,0,0,1
3633,500,0,0,0,1,1
3639,500,0,0,0,1,0
3640,500,0,0,0,1,1
3641,500,0,0,0,0,1
3642,500,0,0,0,1,1
3655,500,0,0,0,0,1
3656,500,0,0,0,1,1
3659,500,0,0,0,1,0
3660,500,0,0,0,1,1
3672,500,0,0,0,0,1
3674,500,0,0,0,1,1
3686,500,0,0,0,0,1
3688,500,0,0,0,1,1
3689,500,0,0,0,1,0
3690,500,0,0,0,1,1
3695,500,0,0,0,0,1
3696,500,0,0,0,1,1
3699,500,0,0,0,1,0
3700,500,0,0,0,1,1
3704,500,0,0,0,0,1
3705,500,0,0,0,1,1
3709,500,0,0,0,1,0
3710,500,0,0,0,1,1
3711,500,0,0,0,0,1
3712,500,0,0,0,1,1
3719,500,0,0,0,1,0
3720,500,0,0,0,1,1
3727,500,0,0,0,0,1
3728,500,0,0,0,1,1
3729,500,0,0,0,1,0
3730,500,0,0,0,1,1
3749,500,0,0,0,1,0
3750,500,0,0,0,1,1
3751,500,0,0,0,0,1
3753,500,0,0,0,1,1
3765,500,0,0,0,0,1
3767,500,0,0,0,1,1
3769,500,0,0,0,1,0
3770,500,0,0,0,1,1
3774,500,0,0,0,0,1
3775,500,0,0,0,1,1
3779,500,0,0,0,1,0
3781,500,0,0,0,1,1
3783,500,0,0,0,0,1
3784,500,0,0,0,1,1
3790,500,0,0,0,1,0
3791,500,0,0,0,1,1
3797,500,0,0,0,0,1
3798,500,0,0,0,1,1
3799,500,0,0,0,1,0
3801,500,0,0,0,1,1
3806,500,0,0,0,0,1
3807,500,0,0,0,1,1
3810,500,0,0,0,1,0
3811,500,0,0,0,1,1
3814,500,0,0,0,0,1
3815,500,0,0,0,1,1
3819,500,0,0,0,1,0
3821,500,0,0,0,0,1
3822,500,0,0,0,1,1
3830,500,0,0,0,1,0
3831,500,0,0,0,1,1
3836,500,0,0,0,0,1
3838,500,0,0,0,1,1
3840,500,0,0,0,1,0
3841,500,0,0,0,1,1
3844,500,0,0,0,0,1
3846,500,0,0,0,1,1
3850,500,0,0,0,1,0
3851,500,0,0,0,1,1
3853,500,0,0,0,0,1
3854,500,0,0,0,1,1
3859,500,0,0,0,1,0
3861,500,0,0,0,1,1
3862,500,0,0,0,0,1
3863,500,0,0,0,1,1
3869,500,0,0,0,1,0
3871,500,0,0,0,1,1
3876,500,0,0,0,0,1
3877,500,0,0,0,1,1
3880,500,0,0,0,1,0
3881,500,0,0,0,1,1
3885,500,0,0,0,0,1
3886,500,0,0,0,1,1
3893,500,0,0,0,0,1
3894,500,0,0,0,1,1
3900,500,0,0,0,1,0
3901,500,0,0,0,1,1
3907,500,0,0,0,0,1
3909,500,0,0,0,1,1
3915,500,0,0,0,0,1
3917,500,0,0,0,1,1
3923,500,0,0,0,0,1
3925,500,0,0,0,1,1
3930,500,0,0,0,1,0
3931,500,0,0,0,1,1
3932,500,0,0,0,0,1
3933,500,0,0,0,1,1
3940,500,0,0,0,1,0
3941,500,0,0,0,1,1
3946,500,0,0,0,0,1
3947,500,0,0,0,1,1
3950,500,0,0,0,1,0
3951,500,0,0,0,1,1
3955,500,0,0,0,0,1
3956,500,0,0,0,1,1
3960,500,0,0,0,1,0
3961,500,0,0,0,1,1
3964,500,0,0,0,0,1
3965,500,0,0,0,1,1
3970,500,0,0,0,1,0
3971,500,0,0,0,1,1
3977,500,0,0,0,0,1
3978,500,0,0,0,1,1
3986,500,0,0,0,0,1
3988,500,0,0,0,1,1
3990,500,0,0,0,1,0
3991,500,0,0,0,1,1
3995,500,0,0,0,0,1
3996,500,0,0,0,1,1
4002,500,0,0,0,0,1
4004,500,0,0,0,1,1
4010,500,0,0,0,1,0
4011,500,0,0,0,1,1
4018,500,0,0,0,0,1
4019,500,0,0,0,1,1
4020,500,0,0,0,1,0
4022,500,0,0,0,1,1
4025,500,0,0,0,0,1
4026,500,0,0,0,1,1
4031,500,0,0,0,1,0
4032,500,0,0,0,1,1
4034,500,0,0,0,0,1
4035,500,0,0,0,1,1
4040,500,0,0,0,1,0
4042,500,0,0,0,1,1
4043,500,0,0,0,0,1
4044,500,0,0,0,1,1
4051,500,0,0,0,1,0
4052,500,0,0,0,1,1
4056,500,0,0,0,0,1
4057,500,0,0,0,1,1
4060,500,0,0,0,1,0
4062,500,0,0,0,1,1
4065,500,0,0,0,0,1
4066,500,0,0,0,1,1
4071,500,0,0,0,1,0
4072,500,0,0,0,1,1
4074,500,0,0,0,0,1
4075,500,0,0,0,1,1
4081,500,0,0,0,1,0
4082,500,0,0,0,1,1
4088,500,0,0,0,0,1
4089,500,0,0,0,1,1
4091,500,0,0,0,1,0
4092,500,0,0,0,1,1
4096,500,0,0,0,1,1
